model,optimizer,lr,seed,epochs,batch_size,history,status,error,train_accuracy,test_accuracy,final_loss,total_time_s,accepted_updates,rejected_updates,acceptance_rate,mean_cautious_margin,mean_omega,min_omega,max_omega
mlp,rlbfgs,0.001,0,3,1024,10,ok,,9.572,9.27,2.395920232850678,17.087034940719604,31,410,0.07029478458049887,,,,
mlp,rlbfgs,0.001,15,3,1024,10,ok,,10.968,11.0,2.437756742749895,16.57294487953186,27,414,0.061224489795918366,,,,
mlp,rlbfgs,0.001,42,3,1024,10,ok,,10.854,10.89,2.3720612623253645,16.60146188735962,26,415,0.05895691609977324,,,,
mlp,rlbfgs,0.01,0,3,1024,10,ok,,11.8,12.0,2.5670057218901965,17.077381372451782,141,300,0.3197278911564626,,,,
mlp,rlbfgs,0.01,15,3,1024,10,ok,,11.608,11.63,2.382395418322816,16.955989837646484,121,320,0.2743764172335601,,,,
mlp,rlbfgs,0.01,42,3,1024,10,ok,,12.518,12.56,2.341135482398831,16.86414909362793,118,323,0.2675736961451247,,,,
mlp,rlbfgs,0.05,0,3,1024,10,ok,,27.094,27.23,2.0519392830984935,16.888702869415283,254,187,0.5759637188208617,,,,
mlp,rlbfgs,0.05,15,3,1024,10,ok,,27.82,28.66,2.027215517297083,16.899874448776245,254,187,0.5759637188208617,,,,
mlp,rlbfgs,0.05,42,3,1024,10,ok,,29.872,30.01,2.0301922973321407,17.01061511039734,231,210,0.5238095238095238,,,,
mlp,rlbfgs,0.1,0,3,1024,10,ok,,33.998,34.11,1.8650211558050038,16.859585762023926,292,149,0.6621315192743764,,,,
mlp,rlbfgs,0.1,15,3,1024,10,ok,,36.232,36.43,1.8364129407065255,16.82781195640564,285,156,0.6462585034013606,,,,
mlp,rlbfgs,0.1,42,3,1024,10,ok,,36.524,36.16,1.8173344451553968,16.93524408340454,247,194,0.5600907029478458,,,,
mlp,rlbfgs,0.3,0,3,1024,10,ok,,42.064,41.57,1.6581402481818686,16.88759136199951,364,77,0.8253968253968254,,,,
mlp,rlbfgs,0.3,15,3,1024,10,ok,,41.586,41.06,1.694602759516969,16.97073483467102,365,76,0.8276643990929705,,,,
mlp,rlbfgs,0.3,42,3,1024,10,ok,,42.746,42.24,1.7153015185375602,17.05055022239685,361,80,0.81859410430839,,,,
mlp,rlbfgs,0.5,0,3,1024,10,ok,,34.38,34.27,1.7402260571110004,16.882700204849243,365,76,0.8276643990929705,,,,
mlp,rlbfgs,0.5,15,3,1024,10,ok,,41.938,41.71,1.9128710639720061,16.939499855041504,374,67,0.8480725623582767,,,,
mlp,rlbfgs,0.5,42,3,1024,10,ok,,43.866,43.54,1.6607703627372274,16.9105486869812,369,72,0.8367346938775511,,,,
mlp,globalized_rlbfgs,0.001,0,3,1024,10,ok,,14.15,14.55,2.2761377996327927,16.396193265914917,121,320,0.2743764172335601,0.614992453689278,9.931972789115646e-05,0.0,0.0001
mlp,globalized_rlbfgs,0.001,15,3,1024,10,ok,,14.168,14.5,2.312376781385772,17.32661485671997,118,323,0.2675736961451247,0.5413706445558089,9.931972789115646e-05,0.0,0.0001
mlp,globalized_rlbfgs,0.001,42,3,1024,10,ok,,17.604,17.94,2.260207463283928,17.055750131607056,105,336,0.23809523809523808,0.4425358153266866,9.931972789115646e-05,0.0,0.0001
mlp,globalized_rlbfgs,0.01,0,3,1024,10,ok,,30.48,30.15,1.9700097575479625,17.743394136428833,233,208,0.528344671201814,10.12932783755937,9.931972789115646e-05,0.0,0.0001
mlp,globalized_rlbfgs,0.01,15,3,1024,10,ok,,30.196,30.36,1.9993442053697548,17.976283073425293,232,209,0.5260770975056689,11.158619174300483,9.931972789115646e-05,0.0,0.0001
mlp,globalized_rlbfgs,0.01,42,3,1024,10,ok,,30.014,30.06,1.9895755466149778,17.724973440170288,217,224,0.49206349206349204,8.569673208575484,9.931972789115646e-05,0.0,0.0001
mlp,globalized_rlbfgs,0.05,0,3,1024,10,ok,,43.458,42.43,1.6310114665907256,17.71273899078369,388,53,0.8798185941043084,135.57149647212108,9.931972789115646e-05,0.0,0.0001
mlp,globalized_rlbfgs,0.05,15,3,1024,10,ok,,43.608,43.33,1.6380812562241847,17.60927104949951,380,61,0.8616780045351474,133.29452385379247,9.931972789115646e-05,0.0,0.0001
mlp,globalized_rlbfgs,0.05,42,3,1024,10,ok,,43.074,42.71,1.640367790144317,17.641648530960083,372,69,0.8435374149659864,121.59523420318648,9.931972789115646e-05,0.0,0.0001
mlp,globalized_rlbfgs,0.1,0,3,1024,10,ok,,47.202,45.35,1.536939119806095,17.699873447418213,416,25,0.9433106575963719,305.8626924805861,9.931972789115646e-05,0.0,0.0001
mlp,globalized_rlbfgs,0.1,15,3,1024,10,ok,,48.394,46.27,1.512687634448616,17.858803749084473,421,20,0.9546485260770975,356.86436077636125,9.931972789115646e-05,0.0,0.0001
mlp,globalized_rlbfgs,0.1,42,3,1024,10,ok,,47.49,45.56,1.525192837325894,17.803662061691284,424,17,0.9614512471655329,318.3159446695848,9.931972789115646e-05,0.0,0.0001
mlp,globalized_rlbfgs,0.3,0,3,1024,10,ok,,49.11,47.61,1.5008307330462398,17.66467833518982,438,3,0.9931972789115646,1501.0590178816863,9.931972789115646e-05,0.0,0.0001
mlp,globalized_rlbfgs,0.3,15,3,1024,10,ok,,49.324,47.08,1.5011821960916325,17.681283950805664,438,3,0.9931972789115646,1394.1702455793604,9.931972789115646e-05,0.0,0.0001
mlp,globalized_rlbfgs,0.3,42,3,1024,10,failed,_LinAlgError: linalg.svd: The algorithm failed to converge because the input matrix is ill-conditioned or has too many repeated singular values (error code: 1).,,,,,,,,,,,
mlp,globalized_rlbfgs,0.5,0,3,1024,10,ok,,49.924,47.94,1.4965934510133705,17.78825068473816,438,3,0.9931972789115646,2117.0499095277537,9.931972789115646e-05,0.0,0.0001
mlp,globalized_rlbfgs,0.5,15,3,1024,10,ok,,50.512,47.88,1.4906060209079666,17.809776306152344,438,3,0.9931972789115646,2004.8745036218832,9.931972789115646e-05,0.0,0.0001
mlp,globalized_rlbfgs,0.5,42,3,1024,10,ok,,50.264,47.43,1.494650227682931,17.678049087524414,438,3,0.9931972789115646,2028.6311395559856,9.931972789115646e-05,0.0,0.0001
